"","StartDate","EndDate","Status","Progress","Duration..in.seconds.","Finished","RecordedDate","UserLanguage","cond_guilt","cond_disr","manip_disr","manip_guilt","cyn1","cyn2","cyn3","cyn4","cyn5","cyn6","cyn7","cyn8","cyn9","att_check","aware_1","aware_2","aware_3","aware_4","gender","age","educ","politics","random","cyn_total","aware_total"
"1","2020-11-10 13:43:05","2020-11-10 13:44:46","IP Address","100","100","True","2020-11-10 13:44:46","EN","good",NA,5,6,6,5,5,6,5,5,5,6,6,"4",5,5,6,6,"Male",25,"4-year college degree","Slightly liberal","12398",5.44444444444444,5.5
"2","2020-11-10 13:42:49","2020-11-10 13:45:00","IP Address","100","130","True","2020-11-10 13:45:00","EN",NA,"I felt disrespected in a meeting recently where BP accepted everyone elses opinons, but not mine. Even though my opinion was very similar to others, mine was viewed less openly than theirs.  I took that personally and I did very much so feel disrespected.  It made me feel less than and not as valuable. ",6,2,4,5,5,4,3,5,5,5,5,"4",4,5,5,5,"Female",33,"4-year college degree","Very conservative","24940",4.55555555555556,4.75
"3","2020-11-10 13:44:15","2020-11-10 13:45:08","IP Address","100","52","True","2020-11-10 13:45:08","EN","NICE",NA,3,6,2,2,3,2,2,3,2,3,3,"4",1,1,1,1,"Male",34,"4-year college degree","Very liberal","39584",2.44444444444444,1
"4","2020-11-10 13:42:22","2020-11-10 13:45:35","IP Address","100","193","True","2020-11-10 13:45:35","EN",NA,"I was disrespected by a coworker recently. They did not like my views on women's rights. They said women shouldn't make as much as men. It really hurt me. I felt like they disrespected me and my opinions and my status as a woman.",7,3,7,7,7,6,5,3,5,7,6,"4",1,6,2,6,"Female",37,"4-year college degree","Very liberal","68464",5.88888888888889,3.75
"5","2020-11-10 13:43:28","2020-11-10 13:45:37","IP Address","100","128","True","2020-11-10 13:45:37","EN",NA,"Nothing",4,5,4,5,5,4,5,4,4,5,4,"4",4,5,4,4,"Male",30,"4-year college degree","Somewhat liberal","29583",4.44444444444444,4.25
"6","2020-11-10 13:44:18","2020-11-10 13:45:37","IP Address","100","79","True","2020-11-10 13:45:37","EN",NA," Remember, each person is unique, and this is not intended as a script. ... The intent of this document is to provide suggested communication strategies for ... If you are not available now, let's schedule some time to talk about your ... [If person indicates that they 'live on the street' or are homeless] If you don't ...",5,7,4,6,7,6,5,4,5,6,7,"4",7,5,3,4,"Female",54,"4-year college degree","Slightly liberal","96875",5.55555555555556,4.75
"7","2020-11-10 13:43:14","2020-11-10 13:45:43","IP Address","100","148","True","2020-11-10 13:45:43","EN","In this incident happens some days before.",NA,6,5,6,4,5,5,6,4,5,7,6,"4",4,6,5,5,"Male",25,"4-year college degree","Somewhat liberal","92447",5.33333333333333,5
"8","2020-11-10 13:43:46","2020-11-10 13:45:47","IP Address","100","120","True","2020-11-10 13:45:47","EN","a",NA,6,7,6,7,6,7,6,7,6,7,6,"4",6,7,6,7,"Female",25,"4-year college degree","Very conservative","96517",6.44444444444444,6.5
"9","2020-11-10 13:43:13","2020-11-10 13:46:03","IP Address","100","169","True","2020-11-10 13:46:03","EN",NA,"DISTRESPECTED IN MY SCHOOL",4,5,5,4,5,5,5,5,4,4,4,"4",5,5,5,4,"Female",38,"4-year college degree","Very conservative","88775",4.55555555555556,4.75
"10","2020-11-10 13:43:46","2020-11-10 13:46:08","IP Address","100","142","True","2020-11-10 13:46:09","EN",NA,"Let them know you're committed to always treat them with the greatest dignity and respect. So instead of accusing them of being disrespectful, let them know how much you care",4,5,5,4,5,6,5,4,5,6,4,"4",5,3,5,4,"Male",30,"4-year college degree","Slightly liberal","93686",4.88888888888889,4.25
"11","2020-11-10 13:44:38","2020-11-10 13:46:19","IP Address","100","101","True","2020-11-10 13:46:19","EN",NA,"I was with my family and hanging out with them one weekend. We all went out and my step mom said ""oh you decided to wear that out to dinner?"" I just didn't like her tone and knew she was trying to be rude to me.",7,1,1,1,3,1,3,1,7,4,1,"4",1,7,1,7,"Female",30,"High school graduate","Very liberal","62792",2.44444444444444,4
"12","2020-11-10 13:43:17","2020-11-10 13:46:27","IP Address","100","189","True","2020-11-10 13:46:27","EN",NA," in home. that's my friend",6,5,6,4,5,6,5,4,5,6,5,"4",6,5,4,5,"Male",32,"4-year college degree","Somewhat liberal","52686",5.11111111111111,5
"13","2020-11-10 13:45:13","2020-11-10 13:46:44","IP Address","100","90","True","2020-11-10 13:46:44","EN",NA,"good",5,6,5,6,6,5,6,5,5,6,5,"4",5,6,6,5,"Female",25,"4-year college degree","Very conservative","57990",5.44444444444444,5.5
"14","2020-11-10 13:42:36","2020-11-10 13:46:50","IP Address","100","253","True","2020-11-10 13:46:50","EN","Once i was angry with my closs friend for a silly reason.later i feel realize my wrong.in that time i feel guilty.",NA,7,6,6,5,7,6,5,7,6,6,6,"4",6,4,5,6,"Female",33,"4-year college degree","Very conservative","82080",6,5.25
"15","2020-11-10 13:42:21","2020-11-10 13:47:00","IP Address","100","279","True","2020-11-10 13:47:00","EN","I CHEATED MY GIRLFRIEND AND I SHE FOUND THE TRUTH  LASTLY WHEN LAST NEWYEAR MY GIRLFRIEND I NITIALS JS",NA,6,7,4,5,5,4,3,5,6,5,4,"4",4,2,4,5,"Male",25,"4-year college degree","Slightly conservative","46779",4.55555555555556,3.75
"16","2020-11-10 13:44:23","2020-11-10 13:47:03","IP Address","100","159","True","2020-11-10 13:47:03","EN","FELT GUILTY OVER THE SOMETHING THAT HAPPENED IN THE PERSON ",NA,4,4,5,4,5,4,5,4,5,4,3,"4",4,5,6,5,"Female",39,"4-year college degree","Slightly conservative","62187",4.33333333333333,5
"17","2020-11-10 13:46:04","2020-11-10 13:47:07","IP Address","100","63","True","2020-11-10 13:47:07","EN","I felt guilty like this when I cheated on my ex fiance. This happened three years ago at my home in new york. His initials were CH",NA,2,5,5,3,4,6,3,5,3,5,6,"4",6,2,5,2,"Female",32,"2-year college degree","Somewhat conservative","13620",4.44444444444444,3.75
"18","2020-11-10 13:43:11","2020-11-10 13:47:09","IP Address","100","237","True","2020-11-10 13:47:10","EN",NA," If you have epilepsy, it's common to have changes in your normal pattern of Let people you work and live with know the correct way to handle ",5,6,5,7,6,4,7,5,6,4,6,"4",5,7,6,4,"Male",28,"Postgraduate","Somewhat conservative","16604",5.55555555555556,5.5
"19","2020-11-10 13:43:04","2020-11-10 13:47:19","IP Address","100","255","True","2020-11-10 13:47:19","EN","In the coffee shop, or on the subway or bus, try this: Look around and try to identify how people might be feeling based on their body language, facial expressions, and what they're doing. The girl with the textbooks on her knee might have an exam coming up. Does she seem confident — or stressed? What about the guy with his eyes closed? Is he feeling peaceful? Tired? Upset?",NA,6,7,7,6,7,6,7,6,7,6,7,"4",7,6,7,6,"Male",25,"Postgraduate","Very liberal","62921",6.55555555555556,6.5
"20","2020-11-10 13:43:31","2020-11-10 13:47:46","IP Address","100","255","True","2020-11-10 13:47:46","EN","The coronavirus pandemic has stirred a variety of emotions and feelings within everyone. Frustration, sadness, anxiety and stress are just a few.",NA,7,6,6,5,4,6,5,4,5,6,4,"4",5,6,6,7,"Male",30,"4-year college degree","Very liberal","89489",5,6
"21","2020-11-10 13:46:17","2020-11-10 13:47:50","IP Address","100","93","True","2020-11-10 13:47:51","EN",NA,"good",6,5,5,6,7,6,7,6,5,6,6,"4",5,6,7,6,"Female",38,"4-year college degree","Slightly conservative","40955",6,6
"22","2020-11-10 13:43:02","2020-11-10 13:47:52","IP Address","100","290","True","2020-11-10 13:47:53","EN",NA,"yes it is possible sometimes it will be disrespected by someone else",5,1,1,3,4,3,4,3,4,4,5,"4",5,4,5,5,"Male",52,"4-year college degree","Very conservative","68871",3.44444444444444,4.75
"23","2020-11-10 13:44:19","2020-11-10 13:48:06","IP Address","100","226","True","2020-11-10 13:48:06","EN","SR was visiting her daughter in law overseas a couple of years ago. She got into a huge fight with her and secluded herself to her room. She reached out to me via email and I was not very nice to her. I ignored some of the emails and in the ones I answered I made her feel bad by what I said.",NA,1,7,1,2,1,4,1,3,4,2,4,"4",1,7,1,7,"Female",62,"High school graduate","Very conservative","78428",2.44444444444444,4
"24","2020-11-10 13:43:11","2020-11-10 13:48:06","IP Address","100","295","True","2020-11-10 13:48:07","EN",NA,"I was seeing a counselor and felt like she wasn't giving me the respect and effort that I deserved as a client.  She was regularly late to appointments with no explanation or apology.  She gave me very little feedback and when she did it seemed to just be about herself.  She would waste time in appointments and then claim she was just thinking about something in her own life.  She made it clear that there were other facets of her life that took precedence over our appointments. This happened over the course of a few months and was done b A.E.  ",7,1,7,7,5,6,6,7,7,7,6,"4",1,7,1,7,"Male",42,"4-year college degree","Very conservative","28500",6.44444444444444,4
"25","2020-11-10 13:43:38","2020-11-10 13:48:07","IP Address","100","268","True","2020-11-10 13:48:07","EN",NA,"Someone saw me coming around the corner and didn't hold the elevator for me",1,1,1,1,3,1,1,1,1,1,1,"4",5,6,5,1,"Female",67,"Some college, but no degree (yet)","Very conservative","84491",1.22222222222222,4.25
"26","2020-11-10 13:44:55","2020-11-10 13:48:11","IP Address","100","196","True","2020-11-10 13:48:11","EN","he coronavirus pandemic has stirred a variety of emotions and feelings within everyone. Frustration, sadness, anxiety and stress are just a fe",NA,5,6,5,6,5,4,5,6,5,6,5,"4",4,5,6,7,"Male",28,"4-year college degree","Somewhat liberal","12439",5.22222222222222,5.5
"27","2020-11-10 13:46:58","2020-11-10 13:48:14","IP Address","100","76","True","2020-11-10 13:48:15","EN","A",NA,6,7,6,7,6,7,6,7,6,7,6,"4",6,7,6,7,"Male",25,"4-year college degree","Very conservative","99854",6.44444444444444,6.5
"28","2020-11-10 13:43:13","2020-11-10 13:48:23","IP Address","100","310","True","2020-11-10 13:48:23","EN","I CHEATED MY GIRLFRIEND AND I SHE FOUND THE TRUTH  LASTLY WHEN LAST NEWYEAR MY GIRLFRIEND I NITIALS JL",NA,6,7,4,5,6,4,3,4,5,6,4,"4",5,6,3,4,"Male",26,"4-year college degree","Slightly liberal","41167",4.55555555555556,4.5
"29","2020-11-10 13:46:59","2020-11-10 13:48:54","IP Address","100","115","True","2020-11-10 13:48:54","EN","I  can't remember",NA,5,4,4,5,4,4,3,5,5,4,5,"4",5,5,4,5,"Male",30,"4-year college degree","Somewhat liberal","65316",4.33333333333333,4.75
"30","2020-11-10 13:44:18","2020-11-10 13:49:19","IP Address","100","300","True","2020-11-10 13:49:19","EN",NA,"Ask them about their intentions based on their behavior me",5,5,6,5,6,5,6,5,6,5,6,"4",5,6,5,6,"Male",25,"4-year college degree","Very conservative","84363",5.55555555555556,5.5
"31","2020-11-10 13:46:41","2020-11-10 13:49:25","IP Address","100","164","True","2020-11-10 13:49:25","EN","I feel guilty for that situation with my friend",NA,6,5,6,5,5,4,5,6,7,6,5,"4",4,5,5,6,"Female",25,"4-year college degree","Slightly liberal","38712",5.44444444444444,5
"32","2020-11-10 13:44:10","2020-11-10 13:49:40","IP Address","100","330","True","2020-11-10 13:49:40","EN",NA,"When I was at school my best friend N.F was walking with me, and we started talking about his girlfriend. He started bad mothing her behind her back. So I was like man you shouldn't do that.

The next day he started giving me the cold shoulder, when I asked him about it. He got mad and hit me in the face.

We haven't spoken in 15 years.",7,1,1,3,7,7,7,1,1,5,4,"4",1,7,1,7,"Male",40,"High school graduate","Somewhat liberal","16265",4,4
"33","2020-11-10 13:47:31","2020-11-10 13:49:55","IP Address","100","143","True","2020-11-10 13:49:55","EN",NA,"When we take things personally, we feel offended and disrespected. Our reaction is either to defend ourself by exerting dominance or submitting passively. Either way we are provoked by someone's criticism and view it as literal, personal and serious. We can make something big out of some behavior that is so little",5,6,6,5,6,7,5,4,6,7,4,"4",4,5,3,6,"Male",48,"2-year college degree","Very conservative","35432",5.55555555555556,4.5
"34","2020-11-10 13:47:33","2020-11-10 13:50:07","IP Address","100","154","True","2020-11-10 13:50:07","EN",NA,"They Don't Listen To You.
You've Caught Them In A Lie.
They Don't Prioritize You.",6,5,6,5,5,6,6,5,6,7,6,"4",5,6,4,6,"Male",35,"4-year college degree","Very liberal","59598",5.77777777777778,5.25
"35","2020-11-10 13:48:02","2020-11-10 13:50:24","IP Address","100","142","True","2020-11-10 13:50:24","EN",NA,"JS, we were at dinner",5,2,4,5,3,4,5,3,4,5,3,"4",5,6,5,5,"Male",21,"High school graduate","Somewhat conservative","37244",4,5.25
"36","2020-11-10 13:42:38","2020-11-10 13:50:57","IP Address","100","499","True","2020-11-10 13:50:57","EN","I was not finished my work on correct time that time I feel guilty because of mistake my whole team will suffer that time I feel guilty.",NA,3,6,5,6,5,6,5,6,5,5,4,"4",4,6,5,6,"Male",29,"4-year college degree","Somewhat conservative","60227",5.22222222222222,5.25
"37","2020-11-10 13:44:25","2020-11-10 13:51:49","IP Address","100","443","True","2020-11-10 13:51:49","EN",NA,"I felt disrespected when I was talking to my parents and brother. They were talking about politics and they were explaining simple concepts to me that I already knew about. This made me feel slighted because they thought I could not understand what they were talking about.",1,1,1,1,1,1,1,1,1,1,1,"4",1,6,1,6,"Male",26,"4-year college degree","Somewhat liberal","18948",1,3.5
"38","2020-11-10 13:47:56","2020-11-10 13:52:15","IP Address","100","258","True","2020-11-10 13:52:15","EN","I felt guilty about lying to M.R. 12 years ago.  It happened in my old home state of Michigan. ",NA,4,6,5,2,2,6,2,4,2,3,4,"4",2,6,6,6,"Female",38,"Some college, but no degree (yet)","Very liberal","81974",3.33333333333333,5
"39","2020-11-10 13:46:59","2020-11-10 13:53:08","IP Address","100","369","True","2020-11-10 13:53:09","EN","Am I being too sensitive. Am I in the wrong. Gaslighting is a form of emotional abuse where a person makes felt so guilty and  over something that happened between myself and my romantic partner.",NA,7,7,4,7,4,5,4,5,4,5,4,"4",4,6,5,7,"Male",25,"4-year college degree","Moderate; middle of the road","42795",4.66666666666667,5.5
"40","2020-11-10 13:44:58","2020-11-10 13:53:28","IP Address","100","509","True","2020-11-10 13:53:28","EN",NA,"getting harrassed by the police",6,5,5,6,6,3,6,7,6,3,7,"4",5,4,7,5,"Male",30,"Some college, but no degree (yet)","Moderate; middle of the road","92100",5.44444444444444,5.25
"41","2020-11-10 13:44:03","2020-11-10 13:53:50","IP Address","100","587","True","2020-11-10 13:53:50","EN","In my college days i felt in love with someone of my colleagues at that time we both made for each other and really love between them but some financial problem for me so i left that college and also lost my friend that moment is feeling felt guilty.",NA,5,7,6,5,6,5,5,6,5,4,5,"4",4,5,4,5,"Male",35,"4-year college degree","Somewhat conservative","17653",5.22222222222222,4.5
"42","2020-11-10 13:45:32","2020-11-10 13:53:55","IP Address","100","503","True","2020-11-10 13:53:56","EN",NA,"My family and I went to a restaurant and we sat down and were given menus. After a few mins we were ready to order since we had been there plenty of times before. On this day though we waited and waited for our waitress to come and take our order. We started to notice others that arrive several minutes after us already had their drinks and had ordered their food. It came to a point where we felt disrespected that no one came to check on us or take our order that we got up and left.",4,1,1,1,1,1,4,1,1,1,1,"4",1,7,1,7,"Male",33,"High school graduate","Slightly liberal","70364",1.33333333333333,4
"43","2020-11-10 13:50:50","2020-11-10 13:54:15","IP Address","100","204","True","2020-11-10 13:54:15","EN","I felt guilty because I had promised a friend I would come to an event of hers. Just the month prior she had been to a similar one of mine.  But the day of the event I had a family emergency and totally forgot.  I know she would've understood but I felt bad I didn't even let her know that I was not going to be able to make it. ",NA,1,4,2,2,3,1,1,1,3,1,1,"4",1,7,1,7,"Female",34,"4-year college degree","Somewhat liberal","75358",1.66666666666667,4
"44","2020-11-10 13:53:25","2020-11-10 13:54:26","IP Address","100","60","True","2020-11-10 13:54:26","EN",NA,"none",6,1,4,5,4,3,2,7,2,2,1,"4",1,1,1,7,"Female",40,"4-year college degree","Moderate; middle of the road","90192",3.33333333333333,2.5
"45","2020-11-10 13:51:28","2020-11-10 13:54:31","IP Address","100","183","True","2020-11-10 13:54:31","EN",NA,"Recently, I was spending time with a close relative, VB.  She wanted to go to the store.  I didn't want to go, due to the pandemic, but relented and took her.  Once we were in the store, I encouraged her to only buy what was on the list, so we could quickly leave and go home. She told me I was being a sheep and paranoid about wearing a mask and taking COVID precautions.",5,2,2,3,2,3,3,2,3,2,2,"4",1,7,2,7,"Male",52,"Postgraduate","Slightly conservative","39488",2.44444444444444,4.25
"46","2020-11-10 13:44:49","2020-11-10 13:54:50","IP Address","100","601","True","2020-11-10 13:54:51","EN","I accidentally hurty my sister's feelings when she asked me what I really thought of the cookies she made. I thought they were very tasteless and I told her they were lacking flavor. This happend about three months ago and her initials are KH",NA,2,7,1,4,1,1,5,6,4,1,1,"4",1,7,1,7,"Female",39,"2-year college degree","Somewhat conservative","14807",2.66666666666667,4
"47","2020-11-10 13:49:07","2020-11-10 13:54:51","IP Address","100","344","True","2020-11-10 13:54:52","EN","In work place, we have small misunderstanding and it makes fell very bad.",NA,7,6,6,7,6,7,6,7,6,7,6,"4",6,7,6,5,"Male",34,"4-year college degree","Moderate; middle of the road","94776",6.44444444444444,6
"48","2020-11-10 13:51:56","2020-11-10 13:55:05","IP Address","100","189","True","2020-11-10 13:55:05","EN",NA,"I remember one time when I was ordering food at KFC, the cashier acted rude towards me for some reason. She had a negative attitude and her tone of voice was unfriendly.",3,1,6,5,5,5,4,5,5,6,2,"4",2,6,3,5,"Male",24,"4-year college degree","Somewhat liberal","89615",4.77777777777778,4
"49","2020-11-10 13:43:09","2020-11-10 13:55:39","IP Address","100","749","True","2020-11-10 13:55:39","EN",NA,"I was on a train and some people were standing because there were no more seats , when one white lady said that I should stand because im black and used to from our salve days",4,1,3,5,4,1,1,1,1,2,2,"4",4,5,4,3,"Male",30,"4-year college degree","Somewhat liberal","57761",2.22222222222222,4
"50","2020-11-10 13:54:24","2020-11-10 13:55:49","IP Address","100","84","True","2020-11-10 13:55:49","EN","I recorded TH without their consent and got caught doing it.",NA,2,6,5,5,3,4,6,4,5,4,6,"4",2,6,2,6,"Male",38,"4-year college degree","Slightly conservative","82459",4.66666666666667,4
"51","2020-11-10 13:47:17","2020-11-10 13:56:38","IP Address","100","561","True","2020-11-10 13:56:38","EN",NA,"when i go my friend marriage , my all friends are their , that happy moment 
my close friend over advantage and get over space to me he speck about my girl friend very bad  ,that incident was disrespected for ,my friend name is H  ",4,3,5,5,5,6,6,5,5,5,5,"4",5,5,6,4,"Female",30,"4-year college degree","Moderate; middle of the road","60356",5.22222222222222,5
"52","2020-11-10 13:49:26","2020-11-10 13:56:45","IP Address","100","439","True","2020-11-10 13:56:45","EN",NA,"If I am comfortable speaking to the person directly, go for it. But remember a few things first. Take a deep breath. If I don't want to go in hot and risk saying something you don't mean, or worse disrespecting the other person right back.",7,7,4,5,6,7,5,4,5,4,5,"4",3,5,4,6,"Male",25,"4-year college degree","Slightly liberal","69812",5,4.5
"53","2020-11-10 13:55:05","2020-11-10 13:57:20","IP Address","100","135","True","2020-11-10 13:57:20","EN",NA,"DO stands for ""Doctor of Osteopathic Medicine,"" and refers to a doctor who practices medicine whose medical school training included a focus on the muscular and skeletal systems to treat problems throughout the body.",7,6,6,7,7,6,6,5,7,6,7,"4",6,7,7,5,"Male",28,"Postgraduate","Somewhat conservative","60044",6.33333333333333,6.25
"54","2020-11-10 13:45:28","2020-11-10 13:58:24","IP Address","100","776","True","2020-11-10 13:58:25","EN","I like to speak about the my friends and me.I planned a hoilday vacation for the aboard like paris ,europe so on,I book a bus and then they all of them cancelled a trip.so i felt very bad .",NA,7,5,3,4,5,5,4,5,5,4,5,"4",4,5,6,7,"Female",25,"4-year college degree","Very liberal","31291",4.44444444444444,5.5
"55","2020-11-10 13:58:31","2020-11-10 13:59:58","IP Address","100","87","True","2020-11-10 13:59:59","EN"," The coronavirus pandemic has stirred a variety of emotions and feelings within everyone. Frustration, sadness, anxiety and stress are just a few.",NA,5,4,5,6,4,5,5,4,5,6,5,"4",4,5,6,5,"Male",28,"4-year college degree","Slightly liberal","57126",5,5
"56","2020-11-10 13:58:03","2020-11-10 14:00:37","IP Address","100","154","True","2020-11-10 14:00:37","EN","I felt guilty when I would go out and hang with my friends living with my parents during the coronavirus.",NA,2,5,3,2,1,1,1,1,1,2,1,"4",1,7,1,7,"Male",23,"2-year college degree","Slightly liberal","12741",1.44444444444444,4
"57","2020-11-10 13:56:26","2020-11-10 14:00:54","IP Address","100","267","True","2020-11-10 14:00:54","EN",NA,"A couple of years ago I was at an event with a few other people and I was talking to a man I knew a little bit (I don't remember his name). He was pleasant to the people there who were closer to his age and made nice conversation, but the first thing he said to me was that I should smile more.",4,1,2,2,2,4,5,2,3,2,5,"4",1,6,1,7,"Female",21,"2-year college degree","Somewhat liberal","55487",3,3.75
"58","2020-11-10 13:57:11","2020-11-10 14:01:16","IP Address","100","245","True","2020-11-10 14:01:16","EN",NA,"Former roommate OA even though I paid half of costs and didn't even have a room demanded more money for my ""share""  Knowing I had no choice because I don't make enough to live on my own at the time. I left and rented a small crappy room even though I'd be broke paying for it.",7,1,1,7,7,7,7,1,7,7,1,"4",7,1,7,1,"Male",46,"High school graduate","Very conservative","36238",5,4
"59","2020-11-10 13:59:23","2020-11-10 14:01:30","IP Address","100","126","True","2020-11-10 14:01:30","EN","NOTHING",NA,7,3,7,6,5,3,2,4,6,5,3,"4",4,6,4,2,"Male",38,"4-year college degree","Slightly conservative","59487",4.55555555555556,4
"60","2020-11-10 13:55:24","2020-11-10 14:02:05","IP Address","100","400","True","2020-11-10 14:02:05","EN","I and a coworker caught a new client who was intending to make a big purchase and also sign a big deal with the organization. after sometime he seems to lose interest.. but my coworker kept the persuasion and pressing. The deal came through and we were both rewarded for it. but i was promoted. i felt guilt because he did majority of the joy ",NA,2,6,5,7,6,5,7,5,6,7,1,"4",5,7,5,6,"Male",45,"4-year college degree","Very liberal","70008",5.44444444444444,5.75
"61","2020-11-10 14:00:31","2020-11-10 14:02:12","IP Address","100","100","True","2020-11-10 14:02:12","EN",NA,"During a work meeting yesterday, a colleague disagreed with me. Which is fine. But they kept cutting me off and rolling their eyes and just having negative body language. It was awkward and insulting to say the least.",5,1,4,2,1,2,2,1,2,2,1,"4",1,7,1,7,"Male",30,"4-year college degree","Slightly liberal","52548",1.88888888888889,4
"62","2020-11-10 13:58:56","2020-11-10 14:02:21","IP Address","100","205","True","2020-11-10 14:02:22","EN",NA,"Nothing",7,6,5,7,5,6,7,5,7,6,6,"4",6,7,5,7,"Female",40,"4-year college degree","Very conservative","95064",6,6.25
"63","2020-11-10 13:58:47","2020-11-10 14:02:25","IP Address","100","218","True","2020-11-10 14:02:26","EN",NA,"if treated someone disrespected you just ignore them",2,3,6,5,6,7,5,6,7,6,7,"4",6,7,6,7,"Male",50,"4-year college degree","Somewhat liberal","19605",6.11111111111111,6.5
"64","2020-11-10 14:00:27","2020-11-10 14:03:02","IP Address","100","155","True","2020-11-10 14:03:02","EN",NA,"I remember an event from many years ago where I was on vacation with my parents and my friend. I had finished junior year of high school, so I was 17. We went out to eat at a restaurant, and the hostess actually asked if we wanted a kids menu. That was pretty disrespectful. I have no idea what their name was.",5,1,2,4,3,5,4,5,3,3,1,"4",2,7,2,7,"Male",32,"4-year college degree","Somewhat liberal","26847",3.33333333333333,4.5
"65","2020-11-10 14:01:47","2020-11-10 14:03:07","IP Address","100","80","True","2020-11-10 14:03:08","EN",NA,"I feel very guilty because other people are good rather than me",6,7,5,7,4,7,4,7,6,7,4,"4",5,7,5,7,"Male",34,"Postgraduate","Somewhat liberal","76763",5.66666666666667,6
"66","2020-11-10 13:58:18","2020-11-10 14:03:17","IP Address","100","299","True","2020-11-10 14:03:18","EN","I don't know the initials of the person. It happened in my home town. The other person was a store owner. Some years ago I did something I knew was immoral. I stole an item from a  store. I shoplifted it and left without paying. I knew it was wrong but I did it anyway. It likely had a negative effect on the store's owner. I cannot justify what I did. The event was somewhat exciting but I also felt bad, at the time, and afterwards. I felt guilty. I was ashamed and knew that I did something wrong and immoral. I felt regret and wished I could take it back.",NA,2,7,4,3,2,5,4,4,3,3,1,"4",2,6,1,6,"Male",33,"4-year college degree","Very liberal","61585",3.22222222222222,3.75
"67","2020-11-10 13:53:50","2020-11-10 14:03:51","IP Address","100","601","True","2020-11-10 14:03:51","EN","When I was around 10 years old, our neighbors next door had seven children. I became friend and use to hang out with one of the girls. On every occasion when I would get a new shoe, game or outfit, I would feel really guilty because my friend never got new things, and only wore her older sisters clothes, or hand me down games or toys. ",NA,1,3,3,3,2,2,1,2,3,2,3,"4",2,6,2,6,"Female",70,"Some college, but no degree (yet)","Slightly conservative","54365",2.33333333333333,4
"68","2020-11-10 14:02:17","2020-11-10 14:04:09","IP Address","100","111","True","2020-11-10 14:04:09","EN","I once had a coworker which I asked to cover a day for me and exchange for another day where I had to cover for him it ended up that I got sick on the day I was supposed to cover for him and ended up ruining the entire offices week because of it I felt bad about it for a few months",NA,2,4,4,3,3,5,3,3,5,4,2,"4",2,6,3,5,"Male",28,"High school graduate","Somewhat liberal","11954",3.55555555555556,4
"69","2020-11-10 14:00:42","2020-11-10 14:04:17","IP Address","100","215","True","2020-11-10 14:04:18","EN","yes",NA,6,4,5,4,6,5,4,5,6,4,5,"4",6,4,4,5,"Female",33,"4-year college degree","Moderate; middle of the road","53201",4.88888888888889,4.75
"70","2020-11-10 14:02:32","2020-11-10 14:04:19","IP Address","100","106","True","2020-11-10 14:04:19","EN",NA,"when you receive a letter of complaint about your ... provide an opportunity to change the actual service if something is not ... From receipt of the initial letter or phone call, one of the Customer Services team will contact",5,6,5,6,5,6,6,5,6,7,6,"4",5,2,4,5,"Male",30,"Postgraduate","Slightly liberal","81609",5.77777777777778,4
"71","2020-11-10 14:03:46","2020-11-10 14:05:06","IP Address","100","79","True","2020-11-10 14:05:06","EN","This form of guilt passes quickly and could result from something as small as forgetting someone’s birthday and feeling bad for a short period.",NA,6,5,5,6,5,6,7,6,5,6,7,"4",5,6,7,7,"Male",25,"4-year college degree","Somewhat conservative","27246",5.88888888888889,6.25
"72","2020-11-10 14:00:36","2020-11-10 14:05:23","IP Address","100","286","True","2020-11-10 14:05:23","EN","This happened in community college about 10 years ago. I was on my way to class. I was a little late and I wanted to get there quickly. Someone from high school saw me, and she asked if I remembered her. I did remember her, but somehow my mind said no because I could not, for the life of me, remember her name. My body physically said no and I could feel the pain in her reaction. I felt so stunned in what I did and to this day I regret treating her that way. This person's initials are SH. ",NA,1,7,1,1,5,1,1,1,2,1,1,"4",1,6,2,6,"Male",33,"4-year college degree","Very liberal","87893",1.55555555555556,3.75
"73","2020-11-10 14:04:36","2020-11-10 14:06:50","IP Address","100","133","True","2020-11-10 14:06:50","EN",NA,"I felt furious at my co-worker, TJ, because they stole an idea I told him in confidence. I was a new engineer at this firm, and I was eager to prove myself. One of the older engineers, TJ, acted as my friend and took me under his wings. I told him about an idea I had that would solve a long-standing issue the firm had. I told him that in confidence. Now imagine my surprise and anger when I see this man I thought as a mentor presenting my idea to our managers at a weekly meeting. The managers were impressed with the idea, and that led to him getting a promotion later that year. I was--still am!--furious about how that all went down.",7,1,4,5,5,2,3,6,5,4,2,"4",6,1,6,4,"Male",36,"4-year college degree","Somewhat liberal","25918",4,4.25
"74","2020-11-10 14:01:48","2020-11-10 14:07:21","IP Address","100","333","True","2020-11-10 14:07:22","EN",NA,"there was this guy at the parking lot with initials J B, who question me on where i am parking because i am woman. he said he was the first to arrive there and i should wait for my turn that i had to respect  a man.",5,2,4,5,5,6,5,5,6,3,4,"4",7,2,6,2,"Female",40,"4-year college degree","Somewhat liberal","50948",4.77777777777778,4.25
"75","2020-11-10 13:55:30","2020-11-10 14:08:01","IP Address","100","750","True","2020-11-10 14:08:01","EN",NA,"I recall my brother disrespecting me and treating me with less courtesy",5,4,5,6,4,5,6,4,5,6,5,"4",6,5,4,5,"Female",26,"Postgraduate","Very liberal","14074",5.11111111111111,5
"76","2020-11-10 14:03:37","2020-11-10 14:08:10","IP Address","100","272","True","2020-11-10 14:08:11","EN","have be improved more",NA,5,6,5,4,5,6,6,7,6,5,6,"4",5,6,6,6,"Male",48,"4-year college degree","Slightly conservative","68839",5.55555555555556,5.75
"77","2020-11-10 14:07:16","2020-11-10 14:08:54","IP Address","100","97","True","2020-11-10 14:08:54","EN","In this study, we will ask you to describe events in your life.


Please describe in detail a time in which you felt guilty over something that happened between you and another person.

 

Indicate where and when this happened and provide the initials of that person.",NA,4,5,3,4,5,5,3,4,5,4,3,"4",3,4,5,4,"Female",27,"4-year college degree","Very liberal","22251",4,4
"78","2020-11-10 14:02:15","2020-11-10 14:09:19","IP Address","100","423","True","2020-11-10 14:09:19","EN","At that time i was studying in college , me and my friends were bulling my classmate after that he left college because of us that thing make me feel guilty for long time",NA,5,3,5,5,5,6,2,4,5,4,4,"4",4,6,3,6,"Male",42,"4-year college degree","Moderate; middle of the road","72959",4.44444444444444,4.75
"79","2020-11-10 14:06:14","2020-11-10 14:09:48","IP Address","100","213","True","2020-11-10 14:09:49","EN",NA,"i felt disrespected when my team leader shouted me without a valid reason infront of all the people",5,6,4,5,5,5,4,4,5,4,5,"4",4,5,5,4,"Female",25,"4-year college degree","Somewhat liberal","17681",4.55555555555556,4.5
"80","2020-11-10 14:08:32","2020-11-10 14:09:57","IP Address","100","84","True","2020-11-10 14:09:57","EN",NA,"nothing happen",6,7,6,7,6,6,7,6,7,6,7,"4",4,6,6,6,"Male",45,"4-year college degree","Very liberal","79447",6.44444444444444,5.5
"81","2020-11-10 14:04:33","2020-11-10 14:10:11","IP Address","100","337","True","2020-11-10 14:10:12","EN",NA,"Yes,i got that feel with my neighbor once a year ago",5,4,5,4,3,4,4,5,4,5,5,"4",5,5,4,4,"Male",33,"Some college, but no degree (yet)","Very conservative","53015",4.33333333333333,4.5
"82","2020-11-10 14:08:48","2020-11-10 14:10:13","IP Address","100","85","True","2020-11-10 14:10:13","EN","GOOD",NA,6,6,7,6,5,6,7,6,6,7,7,"4",6,7,6,6,"Male",35,"4-year college degree","Very conservative","32825",6.33333333333333,6.25
"83","2020-11-10 13:43:44","2020-11-10 14:10:52","IP Address","100","1627","True","2020-11-10 14:10:52","EN","A few years ago, I promised my best friend (JB) to take him to dinner for his birthday. We made plans and had reservations but on the day of, my mind was completely blank. About half an hour after the reservation started, I get a text from my friend asking if I'm close to getting to the restaurant. I felt really bad and since the restaurant was 40+ minutes away, I knew I wouldn't be able to get there quickly enough. I apologized a lot and treated him the following day. ",NA,3,6,4,4,2,2,2,2,2,2,2,"4",3,5,3,4,"Male",31,"Postgraduate","Very liberal","52964",2.44444444444444,3.75
"84","2020-11-10 14:09:35","2020-11-10 14:11:08","IP Address","100","92","True","2020-11-10 14:11:08","EN","I let my friend JR down because I promised to watch their dog, but was unable to at the last second. I live next door to him and he was desperate for it, but I just couldn't.",NA,5,4,6,2,1,4,6,7,4,3,6,"4",3,1,5,7,"Male",34,"4-year college degree","Somewhat liberal","17263",4.33333333333333,4
"85","2020-11-10 13:54:22","2020-11-10 14:11:16","IP Address","100","1014","True","2020-11-10 14:11:16","EN",NA,"In the last year my friend birthday function.She was invited to me and other friends.her family background was  very rich .Her friends also  higher clauses.They are presented  the luxury items to my friend.But i gifted to the my eligibility thinks.All friends looked at me . I was very shy at that moment.They disrespected to me.because i am a  middle family.",6,6,6,5,6,5,6,5,6,5,6,"4",6,7,6,7,"Female",27,"4-year college degree","Somewhat conservative","24195",5.55555555555556,6.5
"86","2020-11-10 14:05:04","2020-11-10 14:11:34","IP Address","100","390","True","2020-11-10 14:11:35","EN","Last week I felt guilty over grocery shopping and not checking in with my next door neighbor B.J. who is elderly and seeing if she needed anything from the store. I usually ask my neighbor if she needs anything and then this particular time I came home and B.J. told me she was low on bread and I felt guilty.",NA,4,6,3,4,2,1,2,3,4,3,1,"4",3,6,3,5,"Female",54,"Some college, but no degree (yet)","Slightly conservative","82665",2.55555555555556,4.25
"87","2020-11-10 14:11:25","2020-11-10 14:11:51","IP Address","100","26","True","2020-11-10 14:11:51","EN","CJ",NA,3,5,5,3,5,4,4,5,3,3,5,"4",5,3,4,5,"Male",29,"Some college, but no degree (yet)","Slightly liberal","33232",4.11111111111111,4.25
"88","2020-11-10 14:07:35","2020-11-10 14:12:00","IP Address","100","265","True","2020-11-10 14:12:01","EN",NA,"How the person may feel on being disrespected or rudely treated wold i think depend on his innate nature.The aggressive person would instantly feel his ego hurt,his self pride scratched and dented,indignant and resentful ,and may be feel angry ,bitter ,and blow up with counter measures in words or action.",3,2,4,5,5,3,4,5,5,4,5,"4",4,6,4,4,"Female",30,"4-year college degree","Somewhat liberal","36949",4.44444444444444,4.5
"89","2020-11-10 14:09:40","2020-11-10 14:12:15","IP Address","100","154","True","2020-11-10 14:12:15","EN",NA,"actually i didn't come across that situation in my entire life.",1,1,1,1,1,1,1,1,1,1,1,"4",7,2,7,2,"Female",60,"4-year college degree","Very conservative","54032",1,4.5
"90","2020-11-10 14:11:12","2020-11-10 14:12:29","IP Address","100","76","True","2020-11-10 14:12:29","EN","n this study, we will ask you to describe events in your life.


Please describe in detail a time in which you felt guilty over something that happened between you and another person.

 

Indicate where and when this happened and provide the initials of that pers",NA,4,5,4,3,5,4,3,5,4,3,5,"4",3,4,5,4,"Female",28,"4-year college degree","Slightly liberal","48262",4,4
"91","2020-11-10 14:11:16","2020-11-10 14:12:56","IP Address","100","100","True","2020-11-10 14:12:56","EN",NA,"A co-worker was condescending towards me at work, but she wasn't being that way to other people. Her initials are DC.",1,1,1,1,1,1,1,1,1,1,1,"4",1,6,1,6,"Female",30,"Postgraduate","Slightly liberal","67364",1,3.5
"92","2020-11-10 14:06:17","2020-11-10 14:13:04","IP Address","100","407","True","2020-11-10 14:13:05","EN","i felt guilty when i was very wrong about an person in the office.",NA,6,5,5,4,5,5,5,6,5,5,5,"4",5,6,6,6,"Female",25,"4-year college degree","Somewhat liberal","47590",5,5.75
"93","2020-11-10 14:11:26","2020-11-10 14:13:27","IP Address","100","120","True","2020-11-10 14:13:27","EN","None",NA,6,7,7,6,7,6,7,6,7,6,7,"4",6,7,7,6,"Female",42,"4-year college degree","Very conservative","93323",6.55555555555556,6.5
"94","2020-11-10 14:00:51","2020-11-10 14:13:43","IP Address","100","772","True","2020-11-10 14:13:43","EN","i felt guilty when i left my husband. i was making all the money and since he was cheating on me i left him broke and homeless. it made me feel good about myself to know i could make my own decisions and would not have to deal with people who are mean and bring me down. i felt i deserved to have the power in the relationship since i was nothing but a good person but i still felt terrible about the whole situation.",NA,1,1,7,7,7,7,7,7,5,5,6,"4",1,7,1,7,"Female",32,"High school graduate","Very liberal","87444",6.44444444444444,4
"95","2020-11-10 13:53:48","2020-11-10 14:14:23","IP Address","100","1234","True","2020-11-10 14:14:23","EN",NA,"make a proper way",6,5,5,6,5,6,6,4,5,5,6,"4",6,5,6,6,"Male",39,"4-year college degree","Very conservative","14714",5.33333333333333,5.75
"96","2020-11-10 14:05:50","2020-11-10 14:14:39","IP Address","100","528","True","2020-11-10 14:14:39","EN",NA,"Can't think of much to write for this to tell the truth...When I was in college, I shared a college owned apartment with three other students. The person I shared my room with was very kind and we got along well. The other two students in the other room, ML and AP, were heavy drinking party animals who made our, especially my life, miserable. They'd party all night, play loud music, and have most of the people over drunk. I'm very sensitive to noise and a hardcore introvert so this was very painful for me. Try as I might, they didn't really care as I wasn't going to get in the way of their ""college experience"". It made me feel very disrespected and blown off.",5,1,1,3,2,2,3,2,1,5,3,"4",1,7,1,7,"Male",39,"4-year college degree","Very liberal","43636",2.44444444444444,4
"97","2020-11-10 14:12:11","2020-11-10 14:14:42","IP Address","100","151","True","2020-11-10 14:14:42","EN","nothing",NA,5,4,5,4,5,5,6,5,5,4,6,"4",4,6,3,5,"Female",25,"4-year college degree","Somewhat liberal","93651",5,4.5
"98","2020-11-10 13:57:46","2020-11-10 14:15:31","IP Address","100","1064","True","2020-11-10 14:15:31","EN",NA,"i feel very disrespected when my boss irritate me for not doing work. i work correctly most of the day. sometimes i missed my work that time my boss will scold badly and disrespected me.",4,5,5,6,5,6,5,4,5,6,5,"4",5,4,6,5,"Female",36,"2-year college degree","Somewhat conservative","19250",5.22222222222222,5
"99","2020-11-10 14:09:23","2020-11-10 14:15:59","IP Address","100","395","True","2020-11-10 14:15:59","EN",NA,"I started a new job where M.L. was an employee. He was training me so he took it upon himself to treat me poorly to make himself feel better. This happened earlier this year so it's still fresh on my mind. He expected me to know things I couldn't yet know and insulted me in front of others, never privately. I've dealt with such before but it was so constant that it made me rather angry. ",5,1,1,2,1,7,1,1,1,1,1,"4",6,2,6,2,"Male",38,"High school graduate","Somewhat liberal","60551",1.77777777777778,4
"100","2020-11-10 14:13:11","2020-11-10 14:16:59","IP Address","100","228","True","2020-11-10 14:16:59","EN",NA,"i feel very disrespected when my boss irritate me for not doing work. i work correctly most of the day sometimes i missed my work that time my boss will scold badly and disrespected me.",6,5,5,6,5,6,5,6,4,5,6,"4",5,4,5,4,"Female",68,"4-year college degree","Very conservative","69653",5.33333333333333,4.5
"101","2020-11-10 14:01:04","2020-11-10 14:17:46","IP Address","100","1001","True","2020-11-10 14:17:46","EN","Last week, I promised KC that we would spend more time together, however that did not happen. The week was busy and I did not have time to spend with KC. I felt completely guilty, because I did not keep my promise.",NA,1,7,1,1,1,1,1,1,1,1,1,"4",1,7,1,7,"Female",45,"4-year college degree","Slightly liberal","56255",1,4
"102","2020-11-10 14:01:52","2020-11-10 14:17:55","IP Address","100","962","True","2020-11-10 14:17:55","EN",NA,"I",6,5,4,5,5,6,5,6,5,6,5,"4",5,5,6,5,"Male",30,"4-year college degree","Somewhat conservative","88588",5.22222222222222,5.25
"103","2020-11-10 14:15:03","2020-11-10 14:18:22","IP Address","100","198","True","2020-11-10 14:18:22","EN",NA,"Last year I attended a Halloween party with a good friend. When we arrived, the host of the party went out of his way to make me feel uncomfortable and embarrassed about my costume. Now I don't mind teasing, but he was be quite harsh and I didn't understand why. I didn't even know this person. ",7,2,4,2,3,6,6,4,7,5,4,"4",4,5,4,4,"Male",25,"High school graduate","Very liberal","52815",4.55555555555556,4.25
"104","2020-11-10 14:08:15","2020-11-10 14:18:36","IP Address","100","621","True","2020-11-10 14:18:37","EN","When i was doing my degree i ridiculed a person with my friends. It made to be disappointed with myself. i got anger on myself",NA,3,3,5,5,6,5,5,5,5,4,5,"4",5,5,6,6,"Female",43,"4-year college degree","Somewhat liberal","64766",5,5.5
"105","2020-11-10 14:15:54","2020-11-10 14:18:53","IP Address","100","178","True","2020-11-10 14:18:54","EN","I felt guilty when I actually took the remainder of the milk that was left for my coffee. I knew the grocery store was still closed, but my wife still wanted a bowl of cereal. I ended up taking the milk, with the idea I was going to get some at the store. She got up before I could get to the store.",NA,2,5,2,1,4,1,1,2,1,1,1,"4",1,7,1,7,"Male",33,"High school graduate","Slightly conservative","89806",1.55555555555556,4
"106","2020-11-10 14:16:21","2020-11-10 14:19:23","IP Address","100","181","True","2020-11-10 14:19:23","EN","I felt guilty when my friend, AW, wanted me to come visit her out of state. She really wanted me to come by myself and even offered to help pay for my flight. I know she was really wanting some one on one time with me. I declined because I felt like it wasn't a good time and was nervous to travel alone. I still feel quite guilty about that because I feel like I let her down.",NA,3,6,3,6,3,3,2,4,4,3,2,"4",3,6,2,6,"Female",30,"4-year college degree","Very liberal","95279",3.33333333333333,4.25
"107","2020-11-10 14:17:33","2020-11-10 14:20:21","IP Address","100","167","True","2020-11-10 14:20:21","EN",NA,"A time that I felt disresspectetd by someone else is pretty much every single day thanks to living with narcissistic and verbally abusive family members. They are constantly undermining me and never appreciate anything I do and often treat me like a servant really. I do all of the cooking, cleaning and now it's expected that I do their laundry and clean their rooms too. They know that I am disabled thanks to having MS i can't work in an office setting due to covid and my hours got reduced, s now they seem to think I'm some sort of lazy loser who does nothing all day and even go so far as to say that crap, when they know I have sever efatigue and limitations. I do the best I can. I am constantly diminished and told that my stress isn't real, that I've got no reason to be depressed, am constantly picked on for my slight weight gain, literally everything about me is disrespected. ",7,1,5,5,5,5,4,4,4,1,1,"4",7,7,7,7,"Female",38,"4-year college degree","Slightly liberal","70103",3.77777777777778,7
"108","2020-11-10 14:12:50","2020-11-10 14:20:30","IP Address","100","459","True","2020-11-10 14:20:30","EN",NA,"my co-worker her name is Anne she was very arrogant girl one time my manager was giving company files but i cannot accept the files because so many errors are occurring in this file so the Anne was complained to my manager that the paticuar reason so my manager was very rude and shouting to me so i feel very disrespected  to the moment ",3,3,2,2,6,6,5,4,5,3,2,"4",6,6,7,2,"Female",45,"4-year college degree","Very conservative","23010",3.88888888888889,5.25
"109","2020-11-10 14:12:47","2020-11-10 14:20:46","IP Address","100","478","True","2020-11-10 14:20:46","EN","I borroed a machine from someone to unclog my drain and broke it. I felt bad I broke J A 's machine. It did break easily and it was not my fault but it was in a way",NA,3,4,4,5,6,5,4,5,6,5,4,"4",2,4,5,6,"Male",33,"4-year college degree","Moderate; middle of the road","82124",4.88888888888889,4.25
"110","2020-11-10 14:16:32","2020-11-10 14:21:57","IP Address","100","325","True","2020-11-10 14:21:58","EN",NA,"its good",NA,5,3,3,4,4,6,5,4,3,5,"4",4,5,4,5,"Male",31,"4-year college degree","Somewhat liberal","50587",4.11111111111111,4.5
"111","2020-11-10 14:11:21","2020-11-10 14:23:23","IP Address","100","721","True","2020-11-10 14:23:23","EN",NA,"I am a leader of project group in my company. My duty was supervise the teammates and  make rules to make them perfect. one team mate did not follow my rules. I felt disrespected by my team mate",4,5,6,2,4,3,5,3,5,3,5,"4",5,2,6,4,"Male",29,"4-year college degree","Somewhat liberal","94693",4,4.25
"112","2020-11-10 14:20:39","2020-11-10 14:25:56","IP Address","100","317","True","2020-11-10 14:25:57","EN",NA,"I  felt disrespected  by co-worker at my work place . At that time I felt very sad.I never forgot this .",5,6,5,5,6,5,6,5,6,5,6,"4",5,6,5,6,"Male",39,"4-year college degree","Somewhat conservative","14302",5.44444444444444,5.5
"113","2020-11-10 14:22:27","2020-11-10 14:26:21","IP Address","100","234","True","2020-11-10 14:26:21","EN","my friend borrowed my sandals without asking me and later on when she came back i confronted her about it. She told me that she was sorry she had an emergency at home and the next day on her way back she ended up buying a brand new one for an early birthday present. I felt guilty and was happy at the same time because she loves me",NA,3,6,3,5,5,5,1,2,2,2,3,"4",2,6,5,6,"Female",26,"4-year college degree","Somewhat liberal","48461",3.11111111111111,4.75
"114","2020-11-10 14:24:09","2020-11-10 14:26:23","IP Address","100","134","True","2020-11-10 14:26:23","EN",NA,"GOOD",4,4,4,5,4,4,5,4,4,4,4,"4",4,3,4,4,"Female",64,"4-year college degree","Slightly conservative","55301",4.22222222222222,3.75
"115","2020-11-10 14:22:41","2020-11-10 14:26:36","IP Address","100","234","True","2020-11-10 14:26:36","EN","After an argument with your partner you wonder if you are the one being too sensitive or dramatic. Your partner dismisses your feelings, making you feel like they aren’t warranted or like you can’t keep your emotions in check. They might tell you that “you’re just overreacting” or to “stop making everything such a big deal",NA,5,7,6,5,6,4,6,6,6,4,5,"4",6,5,4,6,"Male",30,"4-year college degree","Very conservative","12756",5.33333333333333,5.25
"116","2020-11-10 14:26:35","2020-11-10 14:28:44","IP Address","100","129","True","2020-11-10 14:28:44","EN",NA,"J",5,6,4,5,4,5,5,5,4,5,5,"4",6,5,6,5,"Male",32,"Postgraduate","Somewhat liberal","58159",4.66666666666667,5.5
"117","2020-11-10 14:24:46","2020-11-10 14:29:03","IP Address","100","257","True","2020-11-10 14:29:03","EN",NA,"us,last week,j",6,6,6,6,7,6,7,6,7,6,6,"4",7,6,7,6,"Male",29,"4-year college degree","Very liberal","59240",6.33333333333333,6.5
"118","2020-11-10 14:23:52","2020-11-10 14:29:43","IP Address","100","350","True","2020-11-10 14:29:43","EN","Nothing",NA,5,6,5,7,6,5,7,5,6,6,6,"4",6,5,7,7,"Male",60,"4-year college degree","Very conservative","24625",5.88888888888889,6.25
"119","2020-11-10 14:26:28","2020-11-10 14:29:59","IP Address","100","211","True","2020-11-10 14:29:59","EN"," in the overall scheme of emotions, guilt is in the general category of negative feeling on motion . the provide person initial J",NA,6,4,5,3,5,4,6,3,5,4,3,"4",6,3,5,7,"Female",41,"4-year college degree","Moderate; middle of the road","82700",4.22222222222222,5.25
"120","2020-11-10 14:25:17","2020-11-10 14:31:05","IP Address","100","348","True","2020-11-10 14:31:05","EN",NA,"I felt very disrespectful while watching the comment given by my friend frank for my FB Picture, Body Shaming is not a good manners.",5,5,2,4,5,5,6,5,5,5,4,"4",6,1,6,2,"Male",45,"4-year college degree","Somewhat liberal","37688",4.55555555555556,3.75
"121","2020-11-10 14:33:26","2020-11-10 14:35:26","IP Address","100","119","True","2020-11-10 14:35:26","EN","no",NA,4,6,5,5,5,5,5,5,5,5,5,"4",6,5,5,5,"Female",25,"High school graduate","Very conservative","90817",5,5.25
"122","2020-11-10 14:31:34","2020-11-10 14:35:46","IP Address","100","252","True","2020-11-10 14:35:46","EN","I felt guilty for being mean to my brother a lot, growing up at home, when we were kids. EH",NA,1,4,1,1,4,1,1,1,1,1,1,"4",1,6,1,7,"Female",39,"Some college, but no degree (yet)","Slightly liberal","62069",1.33333333333333,3.75
"123","2020-11-10 14:29:21","2020-11-10 14:36:09","IP Address","100","408","True","2020-11-10 14:36:10","EN","I forgot to tell my brother (SB) happy birthday last birthday. By the next day the guilt hit and I called and apologized. He was cool with it but you could tell there was a part of him that was upset.",NA,1,7,1,1,1,1,1,1,1,1,1,"4",1,5,1,5,"Male",28,"High school graduate","Moderate; middle of the road","98460",1,3
"124","2020-11-10 14:29:22","2020-11-10 14:36:22","IP Address","100","420","True","2020-11-10 14:36:22","EN",NA,"R",6,5,5,6,5,4,5,6,5,4,6,"4",5,4,5,6,"Male",33,"Postgraduate","Slightly liberal","56058",5.11111111111111,5
"125","2020-11-10 14:31:54","2020-11-10 14:36:59","IP Address","100","304","True","2020-11-10 14:36:59","EN",NA,"felt like you were treated with less courtesy than others, or you were slighted by someone very like every day ",6,7,6,7,6,7,7,5,6,7,5,"4",6,7,5,6,"Male",35,"4-year college degree","Very conservative","58218",6.22222222222222,6
"126","2020-11-10 14:33:17","2020-11-10 14:39:09","IP Address","100","351","True","2020-11-10 14:39:09","EN",NA,"One time this liberal trash bag tried telling me republicans are evil so I pooped in his coffee and then beat the shit out of him after work like a real republican man no some liberal pussy.",7,1,5,NA,4,5,5,4,6,5,6,"4",5,1,4,5,"Male",34,"Some college, but no degree (yet)","Somewhat conservative","63233",NA,3.75
"127","2020-11-10 14:33:43","2020-11-10 14:39:21","IP Address","100","338","True","2020-11-10 14:39:21","EN","Once upon a time i fall down in street in front of office coworker. At the time felt very fuilty.",NA,4,6,6,5,4,6,4,6,5,7,6,"4",4,6,4,6,"Male",34,"Postgraduate","Somewhat conservative","94430",5.44444444444444,5
"128","2020-11-10 14:37:28","2020-11-10 14:40:47","IP Address","100","198","True","2020-11-10 14:40:47","EN","good",NA,5,4,4,5,4,3,4,4,5,4,3,"4",4,5,5,4,"Male",60,"4-year college degree","Moderate; middle of the road","67018",4,4.5
"129","2020-11-10 14:38:39","2020-11-10 14:42:43","IP Address","100","243","True","2020-11-10 14:42:43","EN","When I was in the third grade, I rallied a group of friends to fight against the school bully who had been bothering my brother. I told everyone that we had to be strong and stand up for ourselves, but ultimately when we went to go and gang up on the bully, he punched my best friend in the stomach and broke her glasses by throwing them on the floor. I immediately told everyone to run and ditched my friend. I always look back on that and wish I had done more.",NA,1,5,1,1,3,1,1,1,1,1,1,"4",1,7,2,7,"Female",25,"Some college, but no degree (yet)","Slightly liberal","53411",1.22222222222222,4.25
"130","2020-11-10 14:40:20","2020-11-10 14:42:54","IP Address","100","153","True","2020-11-10 14:42:54","EN",NA,"My friend Michael",4,5,5,4,5,6,5,6,5,6,5,"4",4,5,6,5,"Male",34,"4-year college degree","Somewhat liberal","39124",5.22222222222222,5
"131","2020-11-10 14:40:55","2020-11-10 14:44:00","IP Address","100","185","True","2020-11-10 14:44:01","EN","FELT GULITY OVER",NA,7,6,6,7,6,7,7,6,7,7,6,"4",5,6,7,6,"Male",45,"4-year college degree","Very liberal","62869",6.55555555555556,6
"132","2020-11-10 14:41:21","2020-11-10 14:45:18","IP Address","100","237","True","2020-11-10 14:45:19","EN",NA,"I was disrespected over the phone at home just the other day. My mother is the person who treated me that way.",7,1,7,5,7,7,7,7,7,6,1,"4",1,7,1,7,"Male",42,"4-year college degree","Somewhat conservative","59394",6,4
"133","2020-11-10 14:42:38","2020-11-10 14:45:37","IP Address","100","178","True","2020-11-10 14:45:37","EN","I had cheated on an ex grilfriend when i was much younger.  I met and fell for someone else and I wasn't the most honest with her.  She ended up getting hurt by my lying more than anything.  This happened at my house in Chicago and her initials we AD",NA,4,7,6,4,2,4,4,5,5,5,7,"4",3,5,3,5,"Male",45,"2-year college degree","Slightly liberal","30798",4.66666666666667,4
"134","2020-11-10 14:43:08","2020-11-10 14:45:43","IP Address","100","155","True","2020-11-10 14:45:43","EN",NA,"Which held in my office for the mistake which was done by my colleague, even for his mistake i have been punished rather than him.",4,1,1,3,3,3,1,1,1,3,1,"4",7,1,7,1,"Female",58,"4-year college degree","Very conservative","94943",1.88888888888889,4
"135","2020-11-10 14:45:22","2020-11-10 14:47:09","IP Address","100","106","True","2020-11-10 14:47:10","EN","LAST YEAR I CHEATED ON MY WIFE AND I  FELT REALLY GUILTY MY WIFE INITIALS JK",NA,5,6,5,6,4,5,6,5,4,5,6,"4",4,2,5,4,"Male",25,"4-year college degree","Slightly liberal","55582",5.11111111111111,3.75
"136","2020-11-10 14:41:30","2020-11-10 14:48:18","IP Address","100","407","True","2020-11-10 14:48:18","EN","unavoidable situation my friend accept my mistake for me.he got punishment.in that situation i feel guilty.he told me i done something for my friendhip",NA,1,7,4,4,5,5,4,5,4,5,4,"4",7,5,6,5,"Female",44,"4-year college degree","Very liberal","78285",4.44444444444444,5.75
"137","2020-11-10 14:46:20","2020-11-10 14:48:45","IP Address","100","145","True","2020-11-10 14:48:46","EN",NA,"i was on the truck at work and one of the guys started talking shit about my position.  I definitely don't have the highest position in the world, and I don't think I'll ever get too much farther.  However, he was just being an asshole about it and disrespecting me.",5,2,3,3,4,3,4,2,3,3,1,"4",1,7,1,7,"Male",32,"2-year college degree","Moderate; middle of the road","15333",2.88888888888889,4
"138","2020-11-10 14:46:57","2020-11-10 14:48:55","IP Address","100","118","True","2020-11-10 14:48:56","EN","I was hanging out with a friend, AE, at home.  I overreacted to something they said and started an argument.  This happened yesterday.",NA,2,6,1,1,1,1,1,1,1,1,1,"4",1,7,1,7,"Female",32,"4-year college degree","Very liberal","61901",1,4
"139","2020-11-10 14:47:53","2020-11-10 14:49:28","IP Address","100","95","True","2020-11-10 14:49:28","EN",NA,"this is os good and i like it",6,5,6,5,6,7,6,5,6,6,5,"4",6,5,6,5,"Male",25,"4-year college degree","Somewhat liberal","29297",5.77777777777778,5.5
"140","2020-11-10 14:47:04","2020-11-10 14:49:43","IP Address","100","158","True","2020-11-10 14:49:43","EN",NA,"I was cut in line by a stranger (no initials) in the grocery store. he stepped in front of me while I was clearly in line. I felt disrespected by hi. I let him through though.",5,3,5,6,5,6,5,5,5,6,4,"4",1,7,1,7,"Male",27,"4-year college degree","Somewhat liberal","39358",5.22222222222222,4
"141","2020-11-10 14:43:57","2020-11-10 14:50:23","IP Address","100","386","True","2020-11-10 14:50:24","EN","th",NA,5,4,4,3,5,6,5,4,3,6,5,"4",5,4,3,3,"Female",28,"Some college, but no degree (yet)","Slightly liberal","42725",4.55555555555556,3.75
"142","2020-11-10 14:48:53","2020-11-10 14:50:30","IP Address","100","96","True","2020-11-10 14:50:30","EN","J",NA,6,7,7,6,7,6,7,6,7,6,5,"4",7,6,7,6,"Male",40,"4-year college degree","Slightly liberal","77002",6.33333333333333,6.5
"143","2020-11-10 14:47:42","2020-11-10 14:51:02","IP Address","100","199","True","2020-11-10 14:51:02","EN","I was driving cross-states with my younger sister after a social event.  She was wanting to get back by a certain time, so I was going pretty fast.  It was late at night and the roads were very clear.  A police pulled me over and wrote me a speeding ticket.  I was going too fast, but I felt like I was driving safely.  My sister was also in the car with me at the time, and I felt like I set a very bad example.  I felt guilty because I knew I should have driven slower.",NA,1,6,3,2,5,2,3,3,5,2,1,"4",2,6,3,5,"Male",33,"Some college, but no degree (yet)","Slightly liberal","67198",2.88888888888889,4
"144","2020-11-10 14:47:58","2020-11-10 14:51:03","IP Address","100","184","True","2020-11-10 14:51:03","EN",NA,"in my friend, leaved for me",5,4,5,6,4,5,7,4,5,4,3,"4",6,7,3,5,"Female",23,"4-year college degree","Somewhat liberal","58319",4.77777777777778,5.25
"145","2020-11-10 14:48:30","2020-11-10 14:51:12","IP Address","100","162","True","2020-11-10 14:51:12","EN","Starting work. Starting work for the first time is one of the most exciting things in life.",NA,6,5,5,6,5,4,5,6,6,5,6,"4",6,5,4,5,"Male",35,"4-year college degree","Slightly conservative","74889",5.33333333333333,5
"146","2020-11-10 14:49:14","2020-11-10 14:52:11","IP Address","100","176","True","2020-11-10 14:52:11","EN","""Am I going crazy, Am I being too sensitive, Am I in the wrong,"" Gaslighting is a form of emotional abuse where a person makes them I feel  guilty over something that happened between myself and another person.",NA,7,7,5,6,5,4,5,4,3,4,5,"4",3,4,6,4,"Male",25,"4-year college degree","Slightly liberal","32262",4.55555555555556,4.25
"147","2020-11-10 14:50:54","2020-11-10 14:52:43","IP Address","100","109","True","2020-11-10 14:52:44","EN",NA,"We all showed respect to each other, managing to acknowledge what othershad to say, even when didn’t share the same beliefs and religion as me.",5,6,5,6,5,6,7,6,5,6,6,"4",5,6,6,7,"Male",35,"4-year college degree","Very conservative","66742",5.77777777777778,6
"148","2020-11-10 14:51:12","2020-11-10 14:52:52","IP Address","100","99","True","2020-11-10 14:52:52","EN","J",NA,6,7,7,6,7,6,7,6,7,6,7,"4",7,6,7,6,"Female",39,"4-year college degree","Very conservative","78247",6.55555555555556,6.5
"149","2020-11-10 14:24:38","2020-11-10 14:53:12","IP Address","100","1713","True","2020-11-10 14:53:12","EN","feeling guilty",NA,5,4,6,5,4,3,2,1,3,4,5,"4",5,4,3,2,"Male",45,"4-year college degree","Somewhat conservative","68676",3.66666666666667,3.5
"150","2020-11-10 14:54:18","2020-11-10 14:56:23","IP Address","100","125","True","2020-11-10 14:56:23","EN","When I was younger I stole money from my brother. I still to this day feel bad about it. It was only like 5 dollars but I still think that he holds it against me. But it did change the way I feel about stealing in the future. ",NA,5,5,4,5,4,5,3,5,5,4,5,"4",4,5,4,4,"Male",36,"Some college, but no degree (yet)","Somewhat conservative","33788",4.44444444444444,4.25
"151","2020-11-10 14:50:45","2020-11-10 14:56:44","IP Address","100","359","True","2020-11-10 14:56:44","EN",NA,"I felt disrespected by a server at a restaurant this past weekend. I felt she gave more consideration to some males that were there. Perhaps she felt they were in more of a hurry than I was or perhaps she felt I was more passive then they were. Perhaps she was just conditioned to take men more seriously than females. Regardless, they were definitely more attended to and treated with more respect than I was. Her first initial was D but I don't know her last name.",6,1,6,7,7,6,4,7,6,6,5,"4",1,7,1,7,"Female",53,"2-year college degree","Slightly conservative","62105",6,4
"152","2020-11-10 14:52:20","2020-11-10 14:57:12","IP Address","100","291","True","2020-11-10 14:57:12","EN",NA,"my cushion marriage function  i am treated was dis respected due to rich loyal",6,6,6,5,6,6,7,5,7,5,6,"4",7,7,6,7,"Female",33,"2-year college degree","Somewhat conservative","42984",5.88888888888889,6.75
"153","2020-11-10 14:53:25","2020-11-10 14:58:24","IP Address","100","299","True","2020-11-10 14:58:24","EN",NA,"Before 5 years, I don't have a car. I ask my friends to give me a free ride to my office or grocery shop. All of a sudden they started avoiding me. I realized I need to work hard and match them with their status. Then I started part-time work like mturk. Now I am satisfied with my financial status and happy.",4,5,5,3,5,4,6,3,5,4,3,"4",5,7,4,5,"Male",29,"4-year college degree","Somewhat conservative","33822",4.22222222222222,5.25
"154","2020-11-10 14:57:05","2020-11-10 14:58:39","IP Address","100","94","True","2020-11-10 14:58:39","EN","good one",NA,3,7,6,7,6,6,7,6,5,6,7,"4",6,5,6,7,"Male",23,"4-year college degree","Very conservative","35172",6.22222222222222,6
"155","2020-11-10 14:46:06","2020-11-10 14:59:59","IP Address","100","832","True","2020-11-10 15:00:00","EN",NA,"I cannot think of a situation where I've felt less respected.  Respect is earned but everyone starts with a baseline of respect.  I don't feel I've ever been under that baseline.  I don't really deal with many people in my day to day life since I spend a lot of time at home, so it's hard to come up with a situation for this.",1,1,1,1,1,1,1,1,1,1,1,"4",1,7,1,7,"Male",34,"2-year college degree","Moderate; middle of the road","93976",1,4
"156","2020-11-10 14:55:49","2020-11-10 15:00:12","IP Address","100","263","True","2020-11-10 15:00:12","EN","I felt guilty on splitting a bonus with another Mturk worker, MW. The bonus was for ten dollars I had a choice to split or take it all. I decided to take it all. I felt bad in that the other person was nice to me in the study but I needed the money. 
",NA,1,6,2,2,3,3,3,3,5,3,1,"4",1,7,1,7,"Male",54,"Postgraduate","Moderate; middle of the road","18112",2.77777777777778,4
"157","2020-11-10 14:58:11","2020-11-10 15:00:13","IP Address","100","121","True","2020-11-10 15:00:14","EN",NA,"yes",5,6,5,4,5,6,5,4,6,5,6,"4",4,6,4,5,"Female",32,"4-year college degree","Moderate; middle of the road","46704",5.11111111111111,4.75
"158","2020-11-10 14:56:19","2020-11-10 15:01:00","IP Address","100","281","True","2020-11-10 15:01:01","EN",NA,"When there was Job promotion in my work place and my colleague  who came in 3 years after me got promoted because he was a relative to my boss . I felt bad and disrespected but I had no option.",7,5,7,7,7,7,7,7,7,7,7,"4",7,1,7,1,"Male",30,"4-year college degree","Very conservative","72330",7,4
"159","2020-11-10 14:57:29","2020-11-10 15:03:22","IP Address","100","353","True","2020-11-10 15:03:22","EN","I remember when I got into a fight with one of my closest friends, MM. I could have avoided it.",NA,5,5,5,6,5,5,4,5,5,4,1,"4",5,3,5,2,"Male",28,"4-year college degree","Moderate; middle of the road","22793",4.44444444444444,3.75
"160","2020-11-10 14:53:36","2020-11-10 15:04:27","IP Address","100","651","True","2020-11-10 15:04:28","EN",NA,"this happened in my place of work when a junior colleague humiliated me because i was unable to provide material she needed to work on on time. i felt bad ",7,1,1,4,5,2,3,4,4,2,1,"4",4,3,4,5,"Female",32,"4-year college degree","Very liberal","30774",2.88888888888889,4
"161","2020-11-10 14:58:11","2020-11-10 15:04:55","IP Address","100","403","True","2020-11-10 15:04:55","EN","I and my colleague had a heated argument regarding new project work, and I hurt my peer verbally very badly. For which I felt guilty over the incident.",NA,2,3,4,5,4,3,4,5,4,5,3,"4",6,3,6,2,"Male",36,"4-year college degree","Very conservative","90484",4.11111111111111,4.25
"162","2020-11-10 15:02:00","2020-11-10 15:10:06","IP Address","100","486","True","2020-11-10 15:10:07","EN","sometimes my co workers angry with me 
some complaint to higher officers for me , this is very wrong attitude
I am very disturb some times 
Guilt is a very common feeling, but some people realize how deeply it affects our lives, both in conscious and unconscious ways.
",NA,6,4,6,3,5,6,2,5,6,5,4,"4",7,1,7,1,"Male",41,"Postgraduate","Somewhat liberal","74591",4.66666666666667,4
"163","2020-11-10 15:10:03","2020-11-10 15:13:41","IP Address","100","218","True","2020-11-10 15:13:42","EN","I felt guilty in high school when I broke up with my girlfriend SM over the phone a day before she had to go to an overnight band camp for several days. ",NA,1,4,1,1,3,4,3,3,2,1,2,"4",2,6,2,6,"Male",50,"Some college, but no degree (yet)","Moderate; middle of the road","92245",2.22222222222222,4
"164","2020-11-10 15:07:48","2020-11-10 15:19:24","IP Address","100","695","True","2020-11-10 15:19:24","EN",NA,"A great deal of human emotion arises in response to real, anticipated, remembered, or imagined rejection by other people. Because acceptance by other people improved evolutionary fitness, human beings developed biopsychological mechanisms to apprise them of threats to acceptance and belonging, along with emotional systems to deal with threats to acceptance. This article examines seven emotions that often arise when people perceive that their relational value to other people is low or in potential jeopardy, including hurt feelings, jealousy, loneliness, shame, guilt, social anxiety, and embarrassment. Other emotions, such as sadness and anger, may occur during rejection episodes, but are reactions to features of the situation other than low relational value. The article discusses the evolutionary functions of rejection-related emotions, neuroscience evidence regarding the brain regions that mediate reactions to rejection, and behavioral research from social, developmental, and clinical psychology regarding psychological and behavioral concomitants of interpersonal rejection.",5,6,5,4,7,6,5,6,5,6,7,"4",5,4,6,7,"Male",25,"Postgraduate","Very liberal","20474",5.66666666666667,5.5
"165","2020-11-10 15:11:21","2020-11-10 15:24:50","IP Address","100","809","True","2020-11-10 15:24:51","EN",NA,"When i am in office my co-workers Mr.S made mistake and blaming me for that mistake and intentionally complaint  me to manager. In that case the manager scold me in front of my office staffs ",7,7,6,7,6,7,6,6,6,6,6,"4",7,6,6,7,"Male",31,"4-year college degree","Very conservative","36537",6.22222222222222,6.5
"166","2020-11-10 15:20:08","2020-11-10 15:25:07","IP Address","100","299","True","2020-11-10 15:25:08","EN","my co-worker name is Sam he was very rude and disrespectful person my company staffs  was daily complained  him he was very non honest person and one is most important in my manager and Sam is very close friends one time my company files are missing reason of me so he was very angry and shouting that time so i feel very disrespectful",NA,3,3,3,3,6,6,4,5,4,4,1,"4",7,6,7,6,"Male",45,"4-year college degree","Very liberal","57490",4,6.5
"167","2020-11-10 15:05:41","2020-11-10 15:26:30","IP Address","100","1249","True","2020-11-10 15:26:30","EN",NA,"When I was living with my mother-in-law. She has a very controlling personality. Once I wanted to bake a cake and I failed and she, of course, used that opportunity to evaluate my ability to cook by making fun of me behind my back. So that was one of the incidents I had with her. Well since I was used to that type of treatment I wasn't surprised. I felt bad but I respect myself and there is nothing wrong with me. 
",4,1,4,4,3,6,6,4,4,4,7,"4",6,5,6,3,"Female",30,"4-year college degree","Very liberal","25618",4.66666666666667,5
"168","2020-11-10 15:23:48","2020-11-10 15:27:40","IP Address","100","231","True","2020-11-10 15:27:40","EN","WHEN I WAS IN MY HIGH SCHOOL I STOLE MY FRIENDS PURSE AND SAID THAT THE PERSON NAMED JJ DONE THAT THING. LATER HE WAS SEVERELY PUNISHED THAT MADE ME FEEL GUILTY",NA,5,6,5,4,5,4,5,4,3,5,5,"4",6,3,3,6,"Male",40,"High school graduate","Moderate; middle of the road","88694",4.44444444444444,4.5
"169","2020-11-10 15:24:50","2020-11-10 15:32:38","IP Address","100","468","True","2020-11-10 15:32:39","EN",NA,"to help poor people.",6,5,5,4,6,4,5,4,6,5,6,"4",5,7,6,5,"Female",25,"4-year college degree","Very liberal","72980",5,5.75
"170","2020-11-10 15:28:18","2020-11-10 15:33:24","IP Address","100","305","True","2020-11-10 15:33:24","EN","I was working at a job once where I managed a coworker named JBD who I knew very little personally about but had power over in a project. I would talk to my co-worker about our department’s reputation within the organization since I felt that it was my responsibility and I needed to tell him this properly so we could have a good working relationship. I told him it wasn’t easy to complete a project for this company on time. I felt guilty having to say this because I wanted to treat this co-workers like equals but since I was the manager, felt I had to show authority and power over this individual. I felt uncomfortable and out of place for what I did to JBD and what needed to be done to get the project to work.",NA,2,6,3,6,6,4,2,4,5,7,1,"4",1,7,1,7,"Male",35,"High school graduate","Somewhat conservative","65756",4.22222222222222,4
"171","2020-11-10 15:31:01","2020-11-10 15:36:29","IP Address","100","327","True","2020-11-10 15:36:29","EN","I lied to my colleague G.T when it came to work. I made a mistake and when he asked me about it, I play clueless. As a result, he had to put in more work to try to resolve the mistake. It made me feel incompetent and I was annoyed at myself.",NA,1,7,6,6,4,4,4,2,4,4,3,"4",4,3,4,3,"Male",30,"4-year college degree","Slightly liberal","19363",4.11111111111111,3.5
"172","2020-11-10 15:35:34","2020-11-10 15:39:16","IP Address","100","221","True","2020-11-10 15:39:17","EN"," In each of these cases, there's no doubt that the behavior occurred. It's appropriate to feel guilty when you've done something wrong. Feeling the emotion of guilt for an action deserving of remorse is normal You've given hours of your free time to help that person, but now you have other obligations that.",NA,5,6,5,6,6,5,7,5,6,6,5,"4",6,5,5,6,"Male",30,"4-year college degree","Slightly conservative","30668",5.66666666666667,5.5
"173","2020-11-10 15:45:59","2020-11-10 15:47:22","IP Address","100","83","True","2020-11-10 15:47:22","EN","I forgot to pay them back

mm",NA,1,1,1,1,1,1,1,1,1,1,1,"4",1,7,1,7,"Male",27,"4-year college degree","Somewhat liberal","89876",1,4
"174","2020-11-10 15:49:13","2020-11-10 15:51:58","IP Address","100","164","True","2020-11-10 15:51:58","EN",NA,"Gaining this respect, however, takes integrity and it takes knowing how to honor both yourself and others.",6,7,6,7,6,5,6,7,6,5,6,"4",5,6,7,6,"Male",25,"4-year college degree","Very conservative","74711",6,6
"175","2020-11-10 15:48:55","2020-11-10 15:52:12","IP Address","100","197","True","2020-11-10 15:52:12","EN",NA,"my relatives at family function",6,5,5,3,4,6,6,5,3,6,4,"4",5,6,3,4,"Male",28,"4-year college degree","Moderate; middle of the road","50970",4.66666666666667,4.5
"176","2020-11-10 15:55:15","2020-11-10 16:03:33","IP Address","100","497","True","2020-11-10 16:03:33","EN","My boyfriend (MW) and I have gotten in stupid disagreements in the past, and sometimes the two of us overreact. I always feel guilty when I'm the one who overreacts, and I know that he does when it's him too. ",NA,3,4,2,2,1,1,1,1,2,2,1,"4",1,7,1,7,"Female",26,"Some college, but no degree (yet)","Somewhat liberal","79732",1.44444444444444,4
"177","2020-11-10 15:59:36","2020-11-10 16:03:49","IP Address","100","252","True","2020-11-10 16:03:49","EN","I actually played with my friend that time. But,accidentally he felt by me.",NA,5,6,5,6,5,6,5,6,6,7,4,"4",3,6,2,5,"Male",29,"4-year college degree","Very conservative","62363",5.55555555555556,4
"178","2020-11-10 16:01:04","2020-11-10 16:09:01","IP Address","100","477","True","2020-11-10 16:09:01","EN",NA,"I felt disrespected when I was at a family gettogether last year. I was talking to my uncle whose name is CM and others as well. I felt everyone was kind of looking down on me because I have not accomplished what they have in life and that I was a failure in a sense.",7,1,6,5,5,7,6,4,6,6,6,"4",3,5,3,5,"Male",29,"High school graduate","Somewhat conservative","41953",5.66666666666667,4
"179","2020-11-10 15:55:43","2020-11-10 16:09:19","IP Address","100","816","True","2020-11-10 16:09:20","EN",NA,"I felt very disrespected by my older brother, JT, overstepping my boundaries I have due to traumatic experiences. He had the audacity after promising to never bring it up again to not only bring it up, but begin talking to me just a day later like nothing happened. Every day it's hard for me not to snap at him. He knew what he was doing and he didn't care. He doesn't respect my personal beliefs nor need for space on certain topics for my mental health recovery.",7,1,3,1,2,5,6,4,2,3,7,"4",1,7,1,7,"Other/Prefer not to say",28,"High school graduate",NA,"61215",3.66666666666667,4
"180","2020-11-10 16:13:55","2020-11-10 16:16:47","IP Address","100","171","True","2020-11-10 16:16:47","EN"," I am just a sad and lonely 32-year-old man. I said I wouldn't do it, but the fact that the as faces are out doing whatever the shit they want while I try ",NA,6,6,6,5,6,6,5,6,5,6,6,"4",6,5,6,5,"Male",28,"4-year college degree","Very conservative","96562",5.66666666666667,5.5
"181","2020-11-10 16:03:16","2020-11-10 16:18:32","IP Address","100","915","True","2020-11-10 16:18:32","EN",NA,"I was bringing my daughter to girl scouts. I usually work a lot so i cant attend many events. The other moms answered me in one words answers and basically ignored me. I had every right to be there.",7,1,4,4,4,4,4,4,4,4,1,"4",1,7,1,7,"Female",34,"4-year college degree","Somewhat conservative","78455",3.66666666666667,4
"182","2020-11-10 16:51:38","2020-11-10 16:53:32","IP Address","100","113","True","2020-11-10 16:53:32","EN","I ate more food than the other person at their house. This happened a month ago. Their initials are MM",NA,4,6,5,5,5,5,5,5,6,5,5,"4",4,4,4,4,"Male",35,"High school graduate","Moderate; middle of the road","74789",5.11111111111111,4
"183","2020-11-10 17:06:41","2020-11-10 17:27:17","IP Address","100","1235","True","2020-11-10 17:27:17","EN",NA,"NONE",7,6,5,6,7,4,5,6,4,6,7,"4",7,6,5,3,"Female",30,"4-year college degree","Very conservative","85011",5.55555555555556,5.25
"184","2020-11-10 13:43:34","2020-11-10 13:49:22","IP Address","95","347","False","2020-11-10 17:50:10","EN","R",NA,3,4,5,4,5,7,4,6,4,5,3,"4",5,4,5,4,"Male",33,"4-year college degree","Somewhat liberal","15251",4.77777777777778,4.5
"185","2020-11-10 13:59:12","2020-11-10 14:04:37","IP Address","95","324","False","2020-11-10 18:05:00","EN",NA,"Back when I was living in Los Angeles, I rented an apartment in a good area. As I was entering my building I was stopped by an older lady that had told me that I do not look ""rich enough"" to live there. I don't know her name but at that point I felt extremely disrespected. I called security and they let me through to my own apartment.",7,1,4,6,4,7,5,6,2,5,2,"4",4,6,5,5,"Female",29,"Postgraduate","Somewhat liberal","50542",4.55555555555556,5
"186","2020-11-10 13:48:33","2020-11-10 14:07:41","IP Address","95","1147","False","2020-11-10 18:07:45","EN","use initial to describe something that happens . Word forms: plural, 3rd person singular present tense initials , present .",NA,6,7,7,6,7,7,6,7,5,6,7,"4",6,7,6,6,"Male",32,"Postgraduate","Very liberal","29050",6.44444444444444,6.25
"187","2020-11-10 14:12:11","2020-11-10 14:26:22","IP Address","95","851","False","2020-11-10 18:26:32","EN","j",NA,6,3,6,3,6,3,5,3,5,6,2,"4",5,3,7,5,"Female",41,"4-year college degree","Moderate; middle of the road","28855",4.33333333333333,5
"188","2020-11-10 14:51:39","2020-11-10 14:56:41","IP Address","95","301","False","2020-11-10 18:56:53","EN","in my dorm with classmates sharing using the hot water pot. when the water is  ready the light will turn to red on the pot. One day I used out the water in the pot and forget add water again, the pot keep in red light, but next my friend can not get the hot water, I felt very guilty, his name is KD.",NA,5,6,4,2,2,3,2,3,3,2,2,"4",4,3,3,2,"Male",43,"Postgraduate","Moderate; middle of the road","34804",2.55555555555556,3
"189","2020-11-10 18:49:05","2020-11-10 19:25:53","IP Address","100","2208","True","2020-11-10 19:25:53","EN","One day last year I lost my ticket in public on a train journey. I felt very guilty when the ticket inspector asked me for a ticket. Then I paid the fine for it.",NA,1,6,4,6,5,6,5,6,5,4,6,"4",6,5,6,4,"Female",35,"4-year college degree","Slightly conservative","92801",5.22222222222222,5.25
"190","2020-11-10 16:05:38","2020-11-10 16:09:05","IP Address","95","206","False","2020-11-10 20:09:15","EN","smilling in all the pepole havegood thing",NA,5,4,4,5,4,5,4,5,5,5,6,"4",2,4,5,4,"Female",50,"High school graduate","Moderate; middle of the road","77947",4.77777777777778,3.75
"191","2020-11-10 16:34:21","2020-11-10 16:49:56","IP Address","95","934","False","2020-11-10 20:50:07","EN",NA,"I dated the sister (TM) of my best friend many years ago. She came to town for a visit and stayed with me. I did everything I could to make the apartment comfortable for her. On the fourth day she was here, she suddenly decided she wanted to spend the rest of the her visit with friends who lived across town. I was a bit hurt, but drove her to their home and unloaded her luggage for her. Once inside the house, it was as if I wasn't present. Literally no one recognized that I was present. They talked among themselves and ignored me for a full five minutes as I stood nearby. I finally left and went home without saying goodbye. When we spoke again by phone some days later while she was waiting to board her flight, she didn't mention the incident.",5,1,3,3,5,3,5,3,4,4,3,"4",2,6,2,6,"Male",70,"Postgraduate","Very liberal","61153",3.66666666666667,4
